c49341,tc10723,color=lemonchiffon
c49346,tc10731,color=lemonchiffon
c49370,tc10823,color=lemonchiffon
c49386,tc10904,color=lemonchiffon
c49388,tc10905,color=lemonchiffon
c49390,tc10906,color=lemonchiffon
c49423,tc10923,color=lemonchiffon
c49431,tc10930,color=lemonchiffon
c49433,tc10933,color=lemonchiffon
c49435,tc10935,color=lemonchiffon
c49463,tc10964,color=lemonchiffon
c49574,tc11045,color=lemonchiffon
c50709,tc11917,color=lemonchiffon
c50734,tc11940,color=lemonchiffon
c50765,tc11965,color=lemonchiffon
c50780,tc11976,color=lemonchiffon
c50782,tc11978,color=lemonchiffon
c50784,tc11980,color=lemonchiffon
c50824,tc12012,color=lemonchiffon
c50883,tc12051,color=lemonchiffon
c50976,tc12145,color=lemonchiffon
c50978,tc12148,color=lemonchiffon
c51115,tc12259,color=lemonchiffon
c51316,tc12398,color=lemonchiffon
c51370,tc12443,color=lemonchiffon
c51588,tc12630,color=lemonchiffon
c51616,tc12664,color=lemonchiffon
c51624,tc12673,color=lemonchiffon
c51626,tc12676,color=lemonchiffon
c51628,tc12679,color=lemonchiffon
c51650,tc12698,color=lemonchiffon
c51660,tc12709,color=lemonchiffon
c51662,tc12712,color=lemonchiffon
c55534,tc15685,color=lemonchiffon
c55547,tc15693,color=lemonchiffon
c55549,tc15695,color=lemonchiffon
c55695,tc15806,color=lemonchiffon
c56215,tc16124,color=lemonchiffon
c56311,tc16202,color=lemonchiffon
c57493,tc17022,color=lemonchiffon
c57877,tc17278,color=lemonchiffon
c58826,tc17898,color=lemonchiffon
c61957,tc19983,color=lemonchiffon
c61992,tc20009,color=lemonchiffon
c62054,tc20083,color=lemonchiffon
c62070,tc20101,color=lemonchiffon
c62096,tc20126,color=lemonchiffon
c62149,tc20183,color=lemonchiffon
c62178,tc20216,color=lemonchiffon
c62204,tc20249,color=lemonchiffon
c62210,tc20256,color=lemonchiffon
c62697,tc20896,color=lemonchiffon
c62732,tc20920,color=lemonchiffon
c62788,tc20969,color=lemonchiffon
c62816,tc20991,color=lemonchiffon
c62898,tc21060,color=lemonchiffon
c62982,tc21133,color=lemonchiffon
c63005,tc21152,color=lemonchiffon
c63377,tc21450,color=lemonchiffon
c63379,tc21451,color=lemonchiffon
c63381,tc21453,color=lemonchiffon
c63387,tc21461,color=lemonchiffon
c63395,tc21467,color=lemonchiffon
c63397,tc21468,color=lemonchiffon
c64198,tc22011,color=lemonchiffon
c64219,tc22018,color=lemonchiffon
c64266,tc22057,color=lemonchiffon
c64272,tc22063,color=lemonchiffon
c69432,tc25788,color=lemonchiffon
c69434,tc25790,color=lemonchiffon
c69438,tc25794,color=lemonchiffon
c69442,tc25798,color=lemonchiffon
c69463,tc25820,color=lemonchiffon
c69477,tc25835,color=lemonchiffon
c69480,tc25839,color=lemonchiffon
c69657,tc25976,color=lemonchiffon
c70960,tc26993,color=lemonchiffon
c71008,tc27036,color=lemonchiffon
c71289,tc27233,color=lemonchiffon
c72409,tc28107,color=lemonchiffon
c72411,tc28109,color=lemonchiffon
c72522,tc28188,color=lemonchiffon
c72579,tc28230,color=lemonchiffon
c72600,tc28244,color=lemonchiffon
c74221,tc29439,color=lemonchiffon
c74277,tc29481,color=lemonchiffon
c74505,tc29659,color=lemonchiffon
c75046,tc30082,color=lemonchiffon
c75641,tc30538,color=lemonchiffon
c75812,tc30670,color=lemonchiffon
c75912,tc30755,color=lemonchiffon
c76197,tc30966,color=lemonchiffon
c76525,tc31206,color=lemonchiffon
c76599,tc31269,color=lemonchiffon
c76950,tc31541,color=lemonchiffon
c76982,tc31566,color=lemonchiffon
c77082,tc31637,color=lemonchiffon
c78820,tc32876,color=lemonchiffon
c80536,tc34073,color=lemonchiffon
c80662,tc34179,color=lemonchiffon
c81684,tc35000,color=lemonchiffon
c82024,tc35252,color=lemonchiffon
c82477,tc35604,color=lemonchiffon
c82493,tc35619,color=lemonchiffon
c82571,tc35675,color=lemonchiffon
c82573,tc35677,color=lemonchiffon
c82663,tc35756,color=lemonchiffon
c82736,tc35817,color=lemonchiffon
c82788,tc35859,color=lemonchiffon
c82790,tc35860,color=lemonchiffon
c82792,tc35861,color=lemonchiffon
c82795,tc35864,color=lemonchiffon
c83085,tc36105,color=lemonchiffon
c83511,tc36428,color=lemonchiffon
c83524,tc36439,color=lemonchiffon
c84217,tc37000,color=lemonchiffon
c84293,tc37048,color=lemonchiffon
c86547,tc38219,color=lemonchiffon
c86549,tc38221,color=lemonchiffon
c86582,tc38242,color=lemonchiffon
c86584,tc38244,color=lemonchiffon
c86606,tc38251,color=lemonchiffon
c86610,tc38255,color=lemonchiffon
c86616,tc38262,color=lemonchiffon
c86620,tc38265,color=lemonchiffon
c86626,tc38270,color=lemonchiffon
c86639,tc38281,color=lemonchiffon
c86648,tc38292,color=lemonchiffon
c86653,tc38297,color=lemonchiffon
c86657,tc38301,color=lemonchiffon
c86660,tc38304,color=lemonchiffon
c86676,tc38319,color=lemonchiffon
c86680,tc38324,color=lemonchiffon
c86931,tc38558,color=lemonchiffon
c86952,tc38570,color=lemonchiffon
c87040,tc38635,color=lemonchiffon
c87045,tc38639,color=lemonchiffon
c87866,tc39221,color=lemonchiffon
c88214,tc39473,color=lemonchiffon
c88350,tc39568,color=lemonchiffon
c88625,tc39783,color=lemonchiffon
c89619,tc40535,color=lemonchiffon
c89657,tc40561,color=lemonchiffon
c92429,tc42458,color=lemonchiffon
c95261,tc44453,color=lemonchiffon
c95350,tc44530,color=lemonchiffon
c95937,tc44971,color=lemonchiffon
c95939,tc44973,color=lemonchiffon
c96129,tc45109,color=lemonchiffon
c96135,tc45115,color=lemonchiffon
c96139,tc45119,color=lemonchiffon
c96327,tc45253,color=lemonchiffon
c96357,tc45276,color=lemonchiffon
c96872,tc45671,color=lemonchiffon
c97017,tc45759,color=lemonchiffon
c97022,tc45766,color=lemonchiffon
c97035,tc45779,color=lemonchiffon
c97045,tc45788,color=lemonchiffon
c97048,tc45791,color=lemonchiffon
c97071,tc45810,color=lemonchiffon
c97078,tc45816,color=lemonchiffon
c97098,tc45835,color=lemonchiffon
c97167,tc45887,color=lemonchiffon
c97543,tc46229,color=lemonchiffon
c97570,tc46255,color=lemonchiffon
c98077,tc46759,color=lemonchiffon
c98659,tc47211,color=lemonchiffon
c105213,tc52590,color=lemonchiffon
c105216,tc52593,color=lemonchiffon
c105236,tc52611,color=lemonchiffon
c105964,tc53188,color=lemonchiffon
c105972,tc53196,color=lemonchiffon
c105977,tc53203,color=lemonchiffon
c105983,tc53210,color=lemonchiffon
c105988,tc53217,color=lemonchiffon
c106104,tc53298,color=lemonchiffon
c107107,tc54083,color=lemonchiffon
c107697,tc54517,color=lemonchiffon
c107699,tc54520,color=lemonchiffon
c108606,tc55175,color=lemonchiffon
c109299,tc55678,color=lemonchiffon
c109399,tc55750,color=lemonchiffon
c109822,tc56173,color=lemonchiffon
c109824,tc56174,color=lemonchiffon
c109826,tc56175,color=lemonchiffon
c109839,tc56183,color=lemonchiffon
c109841,tc56185,color=lemonchiffon
c109843,tc56187,color=lemonchiffon
c109847,tc56190,color=lemonchiffon
c109975,tc56279,color=lemonchiffon
c109977,tc56280,color=lemonchiffon
c109979,tc56281,color=lemonchiffon
c109982,tc56284,color=lemonchiffon
c110234,tc56465,color=lemonchiffon
c110236,tc56467,color=lemonchiffon
c110244,tc56477,color=lemonchiffon
c110379,tc56579,color=lemonchiffon
c110468,tc56634,color=lemonchiffon
c110517,tc56674,color=lemonchiffon
c110593,tc56717,color=lemonchiffon
c110599,tc56721,color=lemonchiffon
c110601,tc56723,color=lemonchiffon
c110603,tc56725,color=lemonchiffon
c110658,tc56763,color=lemonchiffon
c111030,tc57040,color=lemonchiffon
c111063,tc57060,color=lemonchiffon
c111102,tc57087,color=lemonchiffon
c111104,tc57090,color=lemonchiffon
c111106,tc57092,color=lemonchiffon
c113337,tc58718,color=lemonchiffon
c116068,tc60803,color=lemonchiffon
c116175,tc60890,color=lemonchiffon
c116197,tc60904,color=lemonchiffon
c116223,tc60909,color=lemonchiffon
c116231,tc60914,color=lemonchiffon
c116900,tc61381,color=lemonchiffon
c116903,tc61384,color=lemonchiffon
c118648,tc62685,color=lemonchiffon
c118650,tc62687,color=lemonchiffon
c118654,tc62690,color=lemonchiffon
c119882,tc63538,color=lemonchiffon
c120008,tc63635,color=lemonchiffon
c120011,tc63638,color=lemonchiffon
c120743,tc64209,color=lemonchiffon
c120746,tc64214,color=lemonchiffon
c120768,tc64224,color=lemonchiffon
c122178,tc65441,color=lemonchiffon
c122229,tc65486,color=lemonchiffon
c122523,tc65710,color=lemonchiffon
c122672,tc65826,color=lemonchiffon
c122674,tc65828,color=lemonchiffon
c122920,tc66028,color=lemonchiffon
c125940,tc68445,color=lemonchiffon
c127441,tc69983,color=lemonchiffon
c302881,tc71608,color=lemonchiffon
c302910,tc71614,color=lemonchiffon
c302938,tc71620,color=lemonchiffon
c304966,tc71855,color=lemonchiffon
c305065,tc71891,color=lemonchiffon
c305446,tc72039,color=lemonchiffon
c306953,tc72334,color=lemonchiffon
c308293,tc73269,color=lemonchiffon
c308299,tc73270,color=lemonchiffon
c308351,tc73298,color=lemonchiffon
c308480,tc73524,color=lemonchiffon
c308485,tc73525,color=lemonchiffon
c308502,tc73532,color=lemonchiffon
c308790,tc73692,color=lemonchiffon
c310709,tc74042,color=lemonchiffon
c310914,tc74123,color=lemonchiffon
c310933,tc74124,color=lemonchiffon
c310936,tc74125,color=lemonchiffon
c801614,tc76699,color=lemonchiffon
c801621,tc76700,color=lemonchiffon
c801654,tc76715,color=lemonchiffon
c801670,tc76717,color=lemonchiffon
c801683,tc76720,color=lemonchiffon
c801684,tc76721,color=lemonchiffon
c802351,tc76929,color=lemonchiffon
c803507,tc77478,color=lemonchiffon
c803835,tc77710,color=lemonchiffon
c803833,tc77709,color=lemonchiffon
c804004,tc77860,color=lemonchiffon
c804299,tc78015,color=lemonchiffon
c804637,tc78208,color=lemonchiffon
c804682,tc78216,color=lemonchiffon
c804688,tc78217,color=lemonchiffon
c804699,tc78218,color=lemonchiffon
c805201,tc78235,color=lemonchiffon
c805485,tc78340,color=lemonchiffon
c806027,tc78413,color=lemonchiffon
c806056,tc78414,color=lemonchiffon
c806113,tc78415,color=lemonchiffon
c806200,tc78416,color=lemonchiffon
c806307,tc78419,color=lemonchiffon
c806359,tc78422,color=lemonchiffon
c807003,tc78463,color=lemonchiffon
c807005,tc78464,color=lemonchiffon
c807450,tc78636,color=lemonchiffon
c809886,tc79873,color=lemonchiffon
c810897,tc80097,color=lemonchiffon
c811095,tc80164,color=lemonchiffon
c811192,tc80202,color=lemonchiffon
c811242,tc80204,color=lemonchiffon
c811246,tc80205,color=lemonchiffon
c811248,tc80206,color=lemonchiffon
c811283,tc80208,color=lemonchiffon
c811373,tc80266,color=lemonchiffon
c815360,tc81102,color=lemonchiffon
c819258,tc81166,color=lemonchiffon
c819365,tc81167,color=lemonchiffon
c819408,tc81168,color=lemonchiffon
c819563,tc81174,color=lemonchiffon
c820868,tc81251,color=lemonchiffon
c821923,tc81320,color=lemonchiffon
c822343,tc81396,color=lemonchiffon
c822403,tc81403,color=lemonchiffon
c822510,tc81415,color=lemonchiffon
c823643,tc81528,color=lemonchiffon
c823649,tc81529,color=lemonchiffon
c824110,tc79128,color=lemonchiffon
c825182,tc81730,color=lemonchiffon
c826539,tc81972,color=lemonchiffon
c827455,tc82103,color=lemonchiffon
c827459,tc82104,color=lemonchiffon
c828739,tc82213,color=lemonchiffon
c828788,tc82214,color=lemonchiffon
c828790,tc82216,color=lemonchiffon
c828792,tc82217,color=lemonchiffon
c829079,tc82245,color=lemonchiffon
c829081,tc82248,color=lemonchiffon
c829349,tc82271,color=lemonchiffon
c829460,tc82276,color=lemonchiffon
c829691,tc82295,color=lemonchiffon
c829703,tc82296,color=lemonchiffon
c829712,tc82297,color=lemonchiffon
c829732,tc82298,color=lemonchiffon
c829739,tc82299,color=lemonchiffon
c829760,tc82300,color=lemonchiffon
c830066,tc82302,color=lemonchiffon
c830090,tc82303,color=lemonchiffon
c830224,tc82318,color=lemonchiffon
c830234,tc82319,color=lemonchiffon
c830669,tc82336,color=lemonchiffon
c830672,tc82337,color=lemonchiffon
c832018,tc82437,color=lemonchiffon
c832082,tc82438,color=lemonchiffon
c834676,tc82832,color=lemonchiffon
c834677,tc55387,color=lemonchiffon
c834678,tc55451,color=lemonchiffon
c834679,tc55475,color=lemonchiffon
c834680,tc55528,color=lemonchiffon
c834681,tc55566,color=lemonchiffon
c834682,tc55619,color=lemonchiffon
c841019,tc83863,color=lemonchiffon
c841976,tc84267,color=lemonchiffon
c841978,tc84268,color=lemonchiffon
c842570,tc84338,color=lemonchiffon
c843085,tc84457,color=lemonchiffon
c846181,tc84968,color=lemonchiffon
c846194,tc84978,color=lemonchiffon
c846257,tc73439,color=lemonchiffon
c846270,tc84998,color=lemonchiffon
c846276,tc85000,color=lemonchiffon
c846340,tc85028,color=lemonchiffon
c846346,tc85031,color=lemonchiffon
c846350,tc85032,color=lemonchiffon
c846355,tc85034,color=lemonchiffon
c846358,tc85035,color=lemonchiffon
c846432,tc85058,color=lemonchiffon
c846433,tc85059,color=lemonchiffon
c846470,tc85072,color=lemonchiffon
c846472,tc73464,color=lemonchiffon
c846482,tc85077,color=lemonchiffon
c846485,tc85078,color=lemonchiffon
c848893,tc85717,color=lemonchiffon
c849513,tc85778,color=lemonchiffon
c850070,tc85937,color=lemonchiffon
c850071,tc85938,color=lemonchiffon
c850072,tc85939,color=lemonchiffon
c850073,tc85940,color=lemonchiffon
c850074,tc85941,color=lemonchiffon
c850075,tc85942,color=lemonchiffon
c851676,tc86209,color=lemonchiffon
c851679,tc86210,color=lemonchiffon
c855397,tc86772,color=lemonchiffon
c855574,tc86811,color=lemonchiffon
c861722,tc87211,color=lemonchiffon
c863665,tc87401,color=lemonchiffon
c866296,tc87549,color=lemonchiffon
c866571,tc87555,color=lemonchiffon
c866573,tc87556,color=lemonchiffon
c866713,tc87561,color=lemonchiffon
c867340,tc87676,color=lemonchiffon
c867345,tc87677,color=lemonchiffon
c867358,tc87683,color=lemonchiffon
c867363,tc87684,color=lemonchiffon
c867366,tc87685,color=lemonchiffon
c867371,tc87686,color=lemonchiffon
c49401,tc10913,color=lemonchiffon
c868031,tc87765,color=lemonchiffon
c871058,tc88326,color=lemonchiffon
c873298,tc88703,color=lemonchiffon
c874120,tc89150,color=lemonchiffon
